{
  "accuracy": [
    0.7144827842712402,
    0.9531710743904114,
    0.9727112650871277,
    0.9807031750679016,
    0.9835835099220276,
    0.9849628210067749,
    0.9875456094741821,
    0.9884516596794128,
    0.9898715615272522,
    0.9951453804969788,
    0.996159553527832,
    0.996159553527832,
    0.9959702491760254,
    0.9965382218360901,
    0.9963083267211914,
    0.9966193437576294
  ],
  "loss": [
    0.93864506483078,
    0.1716642528772354,
    0.11637426912784576,
    0.08901911973953247,
    0.0778760015964508,
    0.07209699600934982,
    0.062483809888362885,
    0.05849950760602951,
    0.053077541291713715,
    0.03511405736207962,
    0.029423115774989128,
    0.02681455947458744,
    0.025070371106266975,
    0.022850211709737778,
    0.02305697835981846,
    0.02183922380208969
  ],
  "val_accuracy": [
    0.9503448009490967,
    0.978620707988739,
    0.9911877512931824,
    0.9915708899497986,
    0.9987739324569702,
    0.9992337226867676,
    0.8838314414024353,
    0.9944061040878296,
    0.9963218569755554,
    0.9999233484268188,
    0.9996168613433838,
    0.9991570711135864,
    0.9990038275718689,
    0.9960153102874756,
    0.9994636178016663,
    0.99908047914505
  ],
  "val_loss": [
    0.1643320620059967,
    0.11391079425811768,
    0.05585251748561859,
    0.06560564041137695,
    0.02999567985534668,
    0.0273846834897995,
    0.5473059415817261,
    0.038390081375837326,
    0.03129157796502113,
    0.018546583130955696,
    0.0169048011302948,
    0.01680019684135914,
    0.015590396709740162,
    0.022877568379044533,
    0.012683878652751446,
    0.013849356211721897
  ],
  "learning_rate": [
    0.0010000000474974513,
    0.0010000000474974513,
    0.0010000000474974513,
    0.0010000000474974513,
    0.0010000000474974513,
    0.0010000000474974513,
    0.0010000000474974513,
    0.0010000000474974513,
    0.0010000000474974513,
    0.0005000000237487257,
    0.0005000000237487257,
    0.0005000000237487257,
    0.0005000000237487257,
    0.0005000000237487257,
    0.0005000000237487257,
    0.0005000000237487257
  ]
}